"Hash","species"
"82d2ca5faea5bec0e9ddf893aea2b2399ae27e8f","Oncorhynchus nerka"
"31adf9b0bfe620438b8e730fd474cc27e61c3cc4","Gasterosteus aculeatus"
"78c6cda8f1613447cf0cc79a3e7f659d9b9d608b","Salmo trutta"
"ed5e7e50aa64ed93aa7bb93f60e0d0ec95dd2cab","Sus scrofa"
"ca10abaa969662cded6eba24df2960dad3485719","Micropterus salmoides"
"94b310b913e0d26c0720e1775a3f2a7f2dd6af18","Turdus migratorius"
"9a69c3a268c7129726a4be25bfaacf024a80a18a","Oncorhynchus keta"
"fd7d89190e5c165cf36284ea0fca46c98216328c","Oncorhynchus clarkii"
"98f92aa12195301ebbd47287eb23c45cffe10ffa","Oncorhynchus tshawytscha"
"02e4a86c119ca4b65e5b616135fa996aa2eb4372","Oncorhynchus kisutch"
"7aa929fd12fc38856e105d3092ae8752af4b44da","Osphranter rufus"
"d15e926efd8720231adb32a8b4e6e40608827676","Ameiurus nebulosus"
"e747eef0a339a503193d10c42b71ef028bca3fc0","Poecile atricapillus"
"50d5a3f2b4d167cfbca17d817316739f8f89fe8d","Oncorhynchus gorbuscha"
"e3f94823c5b562c70b6976a56b257d07f347300a","Regulus calendula"
"6942200cdd388deece3c3b8d8b7c0a68f344bf32","Paralabrax maculatofasciatus"
"3a6a9122e22ef8cce1f5cb1d9da6fda8b3a157ef","Citharichthys sordidus"
"15903b34a9ddf3e5fac7751a3fb4553cba9c950a","Sebastes paucispinis"
"a637bf43d5e132d153855d8251665d935ea12a0b","Ophiodon elongatus"
"31026d1c0665501b8e53beadf5a3647582359b14","Paralabrax clathratus"
"311dc383535518bf3e6f854961ac2d777cc957f9","Regulus satrapa"
"1a9fcb6105fadfcc2f4feac8875ffef8da6db3c2","Citharichthys xanthostigma"
"d5f832529f6b73fadb1b9087af48bf9a8dc101c8","Aix sponsa"
"815465bf4218c40e60200ea518c5d7cbabd61f1c","Engraulis mordax"
"5a0c3363fdff5328d9329fe07af54c881ec0fbf2","Neovison vison"
"a56843c86d60d4423f69f4836868d31ea7eadf22","Oncorhynchus mykiss"
"9592a4ab6453a677ba409de61ccd9ceb9627d20a","Citharichthys stigmaeus"
"d3a973efbba962488ffbf56a5faaec76ad1925a8","Sardinops sagax"
"478dd98db3a0a5b681d314fcd6aa476db6e43489","Thaleichthys pacificus"
"7a3cd79f5f5aa22838cecef14cdd58de3a051b02","Scorpaenichthys marmoratus"
"67cdd088bb558352e27cb2b5d229f838e8c11572","Paralabrax nebulifer"
"e330f6d1a7768b21c34c1d9d6814f5b48c87b05a","Perca flavescens"
"d375db6821a4402acdeffb3d216d4abdc355cd48","Melospiza melodia"
"215a1f59dbebd89ecaf8223653610b041c1e6baa","Piranga ludoviciana"
"c458bfbd8c0ac4b00203e7ac33d77c8141488906","Tachycineta thalassina"
"7ac490417f5aeaf9e327657f193c8fd6a03e2585","Aplodontia rufa"
"06a946d5a422494c1c67a9c47b31dc42cb821da2","Junco hyemalis"
"d28ed2ba2d710775fd79b25622a042b2c75aafa4","Squalus suckleyi"
"f3d5863f9d49fc73652ae616bd0a22b9ab62d094","Neurotrichus gibbsii"
"8519a7f742cabfdb887dc2013feba40c4584b8db","Didelphis virginiana"
"1eacd6b8e7ccfd00e53e98c9ff9ecee454f0f29f","Meleagris gallopavo"
"bbb3bcc890abbefe2371f7ee55542ef8cb9debc9","Osphranter rufus"
"5dbee979ecb7289c82f08bbf7ff5d91a3f8aae01","Haemorhous mexicanus"
"6839f85e5feb0227a9953db6121f0e84161b366e","Bathyraja abyssicola"
"5d6a5f2116231e5e92600d866977dda093cd30bc","Scapanus orarius"
"7dae49817fac3bd37bd1ab61e10a98b36513016b","Felis catus"
"6251eedf9452700d1868523427d52f08d683f85b","Tachycineta bicolor"
"b05eac0ae6bebbb0f133eb32789a54e3cb90ddbe","Cymatogaster aggregata"
"c079dc9631f80d61302584576eb03ce937a562f7","Megaceryle alcyon"
"34b95af64697c2feb0ab121d484733666197ae1f","Branta canadensis"
"827f99ae61c4f9a80e1b415ff8de0c02d35659dd","Pipilo maculatus"
"2a0197678300368ee235231d107a595a8efc3b42","Stenobrachius leucopsarus"
"d348c23013e4fa8ffe0fe3396d9f3451fe88db6b","Merluccius productus"
"de42666eb0e70e73c99b1061e5e4bfe4477204b5","Oncorhynchus mykiss"
"740c378e277181351b28591e13ea62ddfd7cdb81","Cairina moschata"
"bd4b9c9245a692142f393fe905f4f5d7d75bc4e7","Oncorhynchus nerka"
"d665a22273eb050425814dad353904c8b09a1f31","Sus scrofa"
"cb0cf229832374ff8f4ce89c20348a90da9c04e1","Pimephales promelas"
"3cf1ad775d79483b361d4375068b0e0d04faaecf","Bos taurus"
"da83c719cc06209b92f6b2c6a335a055a2db77cf","Sus scrofa"
"2d568214de53664f3c8b6f4c834ac99ae6d95078","Prosopium williamsoni"
"5e09a54224038d545ffdff782605cf12eeddc349","Taricha granulosa"
"00faf90a684f175c3b76c467573a5a84bee2005d","Gobio gobio"
"d1463558602bbd84bea02961a12237b821b43668","Sus scrofa"
"4f24fbd9c58b8afc7fd8714b0f5580a1cd9eea62","Oncorhynchus clarkii"
"b01206a5c3894a926e2167b0766297f098896c5f","Osphranter robustus"
"7d8373ca2269ae597ec5559ed15eb7ed5336f1fa","Cervus elaphus"
"4f775153b5c5166bd982b8a3d8c792cd1d0a5be4","Fulica americana"
"cf62a26ab8c1b5312a68133cb90988e0b24ee387","Canis lupus"
"c8e84d52621741278b1d2b2646ad23686a2773a9","Ondatra zibethicus"
"814bd62cd7f0891ddea80fac0be25f86af95d790","Pimephales promelas"
"38af848138883ca568f32c08bcdf3c49181b1524","Catharus guttatus"
"607111db3eefaf3794aa6e92f4d6d0fece686565","Cottus rhenanus"
"565e6e05e652d8b40947e7f139613ea6a19cf1b4","Sturnus vulgaris"
"82aa7321659751e1f8a88c5aec1b003e2940bb62","Bombycilla cedrorum"
"d159277c20e38cbdc26a23438d4c06a3dd60ce67","Canis lupus"
"eccfd48eb4674a8cfcb69e95f0a2b4abc5a80ea8","Canis lupus"
"42bfc6303f5db0be106ce97e8a0f9f0454bf9218","Anoplopoma fimbria"
"8ade38d6c1396cc32395e6773d53ae373734314c","Lynx rufus"
"adcd4ea08761f730aa3535c79e5680b7c22f6116","Canis lupus"
"199e257a656754c51df04d3fccc696275d10a201","Oncorhynchus clarkii"
"45b6110e1cf94894b04c6ca58c5551021ad1ba57","Colaptes auratus"
"e9714c684e9beeaab137301ac612768962704198","Felis catus"
"c8b53d187c9a022aaba3070219140874ba648045","Spirinchus thaleichthys"
"2388a63c66eb39c03c474a4d0c9d7b0d99782629","Sardinops sagax"
"0e061d5139930e359cf5ed8acd0f3ead02edcd00","Cottus pollux"
"4ab4f37eba543fee22e131880137cc8a36a8ee33","Canis lupus"
"26470fe2a0190a46adf18aa10cbadb375c913f20","Ursus americanus"
"76918abfaa90d218d683fdbc4f8024dd430d7d91","Ascaphus truei"
"c6d586dc78d8ef5cac238cba2d5714407775bd69","Bos taurus"
"20c7f9dbdf79b3ad51debc2428d4a2d27daf3069","Mammuthus primigenius"
"f3b1b944f738536215cd355d76bc8c2bffd66624","Oncorhynchus mykiss"
"30742d31b3cc7a387b96133d0998ecee07c83597","Castor canadensis"
"dc1779e8fa382387a1bdee2fff5959c7611b90b3","Dinornis giganteus"
"e3bb86462242cc75b2d9159e96f588a2ca09a5d3","Rattus rattus"
"c82f7e346d3caf1921c1359eba4f9b9f03310751","Mammuthus primigenius"
"f890c05925400fa5c31d090422bd25ffc1dbb2d2","Felis catus"
"e1b718d16ed2c3af23b4603ecba5ccece5f486bf","Mammuthus primigenius"
"63ea546506daae19fd3f9d01d355d7ece46bbdb5","Bos taurus"
"3fa5cad0e8bd81303eed0492a7c0dd91d85747be","Procyon lotor"
"cd95a9d4b4b049792bb1cf2033b33c0dc30fef5d","Macropus giganteus"
"31f41238b2d21ab702054de79fed82ed77bc94f2","Macropus giganteus"
"09f093bfcd98bd11c8beb13cdb216b19b8a8883c","Macropus giganteus"
"c5e68c1be2dc61dbb94b7d82cf13341612d1617a","Osphranter rufus"
"bfb8f4efcd1696c7eefa51d14607287c00bdbd7c","Castor canadensis"
"41f7f70b9a0e5588c1da27aaab8b61682e41e656","Puma yagouaroundi"
"79ef5f3022799012e3a7a11acb9264a1100e9a96","Stegastes aureus"
"0efb6a1767e3d8621c3718d7ee000d9c2adfcacd","Sus scrofa"
"8cc095d0fde7c0840e1ee70e8b2816d586d7c037","Bos taurus"
"c51ba26786eb5812df3c3d681e5755e302ae36ac","Perca flavescens"
"d6f69979e2e7c50e468fdb7a4ad00eb8296b8bf9","Homo sapiens"
"5283992258b3263ebe315aff962006eae1c76627","Perca flavescens"
"d850301399f367fa5261a6e0ff3ff3c9629dc194","Oncorhynchus mykiss"
"861a5b665ecb74d74f7408dc2a49fb5de92793e6","Oncorhynchus mykiss"
"bd2f7a173fd3c733d5234b14bff67d4c2dd58316","Phalacrocorax auritus"
"1b0a7e6eae9c451c3bf3a636331436d5cb037572","Perca flavescens"
"5dbce0075732b37e517721c275ba3c2e14e50196","Canis lupus"
"fe72cd5c92fc95d33982bc5916c5d015404e2977","Lepomis gibbosus"
"25e8531396b00cb9cdd8c87db81331ec1a0ee28e","Lepomis gibbosus"
"23bf5f5d24f589cba120a8635ee13e9817d90a52","Oncorhynchus mykiss"
"406f1e8f2fa4da0a23f0cdde31f7fb658b57772d","Oncorhynchus mykiss"
"be1bd85cbedd796b3b70618ed8248f5c66768c49","Oncorhynchus kisutch"
"8bc9d782301cb152a0072a75d83fc864765785ca","Bos taurus"
"c5096108c306c4feda0e54dde259d212245b2d5a","Oncorhynchus mykiss"
"3516633f1e7168795aad3935d264bfd0a0d4e274","Perca flavescens"
"3444727e70fffd5ecab6f16303976e812a7db959","Osphranter rufus"
"6bc823b55f6c19ea74731defb038cd61c78765f9","Homo sapiens"
"f78bcb6a1510c3903a25fc31f782637206639d9e","Oncorhynchus kisutch"
"0cd5e78b85845d9161a1a8ae73121c5188c2fd44","Bos taurus"
"1d2afe6b4c6cfb903dbf4f9909690cdcbebeff16","Canis latrans"
"b2f409a163f135b5c4b41f11a5b3adfba3c9bde6","Oncorhynchus kisutch"
"4e9dba7fddef54fd841487d6183ed812357187bb","Oncorhynchus mykiss"
"2bf49771dfa13a334a27d308898ddd3b36c83c9d","Perca flavescens"
"82c076775078679d1b4935f169e44159e0478e47","Perca flavescens"
"4d529756d23c17365f145ba039a0c13539569a05","Lithobates clamitans"
"d540b17e982e9190826548d674313b43c120a44a","Lithobates catesbeianus"
"3a18fd3a9a8b81e080e7d5c5b954fa051dae676b","Oncorhynchus kisutch"
"d44bc15300917dbe615f2553384702439b9926b0","Lepomis gibbosus"
"2a1f1cb88e905c051c4f7f3549a40b7384b44e4f","Oncorhynchus kisutch"
"66c414f41363366c4ef83ec98379e72d3c9610bc","Homo sapiens"
"b2443cb63ce30026dafa98f9b2afb7d40ff4c3e2","Homo sapiens"
"8d4bbc6ce4b6ec02b439fdf354147ee4b4399269","Bucephala albeola"
"315a22bcd719918465d8606b74699393573302c4","Oncorhynchus mykiss"
"75e73e13ea568bb911b99e63cc8a634d76007bff","Perca flavescens"
"d32b50bf88d83b22306170458555867d827bc224","Homo sapiens"
"5699e4c09b877a4d5b61ed7c91eba75401004f1a","Bos taurus"
"916f1fb4062ea2f4254f7fd3b7720aa778b7e367","Homo sapiens"
"3e4614d7fa40cd11ad8ae67a0c1a2600b3ecb5d6","Perca flavescens"
"a65d3017f2d5100c0ad53bd361b3aaa46083756f","Perca flavescens"
"f7fcb2220cfca9d61f4d4694da390131414ae219","Bos taurus"
"d6a7433ad735c3241139bc7cc8c67b0a18b6b5e6","Oncorhynchus kisutch"
"322bc66036fdf5a5f255f67ddc4666f6a772b067","Bos taurus"
"6eaa84b0d4aade38bc0d62f08dc7df3eff70bd8c","Oncorhynchus kisutch"
"4a8e1db35157c7c1bc083b0e9f3cb02f515907d8","Ameiurus nebulosus"
"ebf12e4bff67b1c2fc480fa3773f42f468ec3718","Lepomis gibbosus"
"733d749d8e735352c769cc24db1a2569fed044f6","Oncorhynchus kisutch"
"9d72bf385a8281a17a2b44d5eaf3f25d7179164f","Oncorhynchus mykiss"
"d47ba3a7971c971a326deb43ca353943e1a6b41a","Perca flavescens"
"8ccdc78c286c863b208b117f8eb839f5aa10b649","Perca flavescens"
"a5b8b870ba1aa72dadfe514143e161bbae913977","Lithobates catesbeianus"
"0579faf0b815cc3ecbe88b265a86e12d4abffb1a","Bos taurus"
"ac4121f93ca8e18d71c318c15036542db7cdcb7c","Perca flavescens"
"a9c395995aaebc141fddc7c0c4b5b00305fe5a37","Perca flavescens"
"5da2d2c48f351ecbcbf5596a828bc015112ce5c6","Homo sapiens"
"deaadc11b0189c975741718d011ab0f6897f6066","Rattus norvegicus"
"9f6dd06d8ce8edd72983b63b759a77d638deb357","Perca flavescens"
"b74fcc04c56160860ba29a3a48e7a4d439ad3fec","Perca flavescens"
"d65ade7704530a6c82df28848bd2aae6badf7c01","Gallus gallus"
"bf050a8d62baaa2e9b33758aef3532bea8258718","Homo sapiens"
"ad158169a38fe3cd05c255435f795cd033e2ad6a","Oncorhynchus kisutch"
"edfd5ebc795fba37dc3121bc7967e24408cb52d3","Oncorhynchus kisutch"
"5fe11216a5669745b1852bb393c3eaff5adb190e","Oncorhynchus kisutch"
"97d762c6ace4a4fd2b2461cce3b79eb3318b3637","Perca flavescens"
"87a14fba27666927f5d2187ac63360df9eff2fde","Oncorhynchus mykiss"
"b908492eedd74ed009124ee18af389c02f8008a3","Perca flavescens"
"299fba3edc6a422ad32affaba36c3982f7c47151","Oncorhynchus mykiss"
"ebfdc0a153d719a21b03b26c5b220ea447328d42","Homo sapiens"
"597c4a5fa4e91792c85cbdcd4aa3689a99b00da0","Oncorhynchus kisutch"
"9b8eaaaf47b4ede6398508b5a1b337eafedb8fd5","Bos taurus"
"4e945d599747d3d86ed83f1e3d14b0d6c07ba6a8","Capra hircus"
"fe7104389f92e9f93cbc1af602c9a1b8ba72ba3d","Sus scrofa"
"01104a14fb57789f9cb6f753077db84f29d7ac59","Oncorhynchus mykiss"
"0ac8388cfb8bdb145b0c0012885a6a9da06b1b83","Perca flavescens"
"3d0660a40d89b9d71a49cf7225035b86cbbbb3e2","Bos taurus"
"ff5e674b6b3efcebec85113bfc8051454eaba8bb","Lithobates catesbeianus"
"f4b390a33fb6ad2b810a024146e7104f1d07c926","Perca flavescens"
"c23aa631c4a31c66fb8b076b79a9e8d005e07131","Oncorhynchus mykiss"
"64b20fa25a2b3fac50ace3e65b383899ef1f8383","Oncorhynchus mykiss"
"a78c969b3753279d6a45f36a2a39a687718e828a","Perca flavescens"
"e375819cd54b1efcf7c7ac26b22aba2327c59c98","Lithobates catesbeianus"
"9f379d79cb41b7b1b3b0d6c55f380eef438ce019","Oncorhynchus clarkii"
"2121a454b446507d5fc78ea7d39795ce9375aad4","Oncorhynchus mykiss"
"e3326d78fc42729ea464440aa62ec3ce02bd2829","Castor canadensis"
"cd12a9db569c23aeb78dbca99b3828df66be086c","Oncorhynchus kisutch"
"490d48e7a14fc994ad63905487de16cb95698eb9","Homo sapiens"
"da86e55cb2b03c4f47a877c184e63d907a48bc4e","Gallus gallus"
"bf7c9d432c4a7dcd1092e8d66dafb74394b28003","Perca flavescens"
"0ddca7d966ec61551db8838346f66923faff3789","Oncorhynchus kisutch"
"1092687fb8869cb96a6c87d8182816ebb7f32b61","Oncorhynchus kisutch"
"45b1389e329856a8bc11575100c40d8973dbb229","Canis lupus"
"a69e6b5cbd6cae4ef72724380813b96b96c75de4","Osphranter rufus"
"44857fa1c272c2097afb1356634025081d7aa602","Perca flavescens"
"33b3de60e74ae8415740f8a0a82d29ea3a58d717","Perca flavescens"
"bc96243ad5ab72132d80d1654e19b132e9244093","Oncorhynchus clarkii"
"0f2dccf6b82de6df1677954a2145cc29bdb6d455","Corvus corax"
"0ceea7075304450cac36bf3a54088eff4954b067","Barbatula barbatula"
"5948c2161d07f03a6e08f314dcc9c64e7070c387","Oncorhynchus kisutch"
"2d408ab138aade17b66f8c16da7fd34a139c9ec5","Perca flavescens"
"dd4d5c7c9ff4e4232e7eda27cce1471fe9d8c8bd","Ensatina eschscholtzii"
"952e0391bc162a4ca0dd4c6cdae98de2b14bb246","Lithobates catesbeianus"
"0d1f084e3997f7c043a1441bf078b110e31148df","Bos taurus"
"bafa8cd5ced910dada23340df8f9df67c08baf69","Perca flavescens"
"5fbe2ef4ba792c33931086a31986dd7b7d246f60","Perca flavescens"
"cb8e4d0727661bf1e3f3fbaf4efc0ed1e1bd77ec","Gasterosteus aculeatus"
"320708be0d69e806a999423b853d029fc501736f","Perca flavescens"
"46f1a8fb2e5171817ad34be4f67142e12b54bd43","Oncorhynchus kisutch"
"fb6f93efd42142405d5a70d44c4180dcf1d5dec9","Oncorhynchus kisutch"
"3ceb38be985647ba2077ae35024b7754d6dd2173","Perca flavescens"
"100b9902e7d87b18e3da840dae97330ad105c412","Oncorhynchus kisutch"
"a59d27a174311b1b9620bde1d7b2e32f64b66059","Canis lupus"
"b479fe41240e3041bd891fa4380967fead0a82a8","Perca flavescens"
"29c5193eb0e4e364b7127ff7590e8eb751d24740","Oncorhynchus clarkii"
"07cf9e59615a27d0397a0367d4becf6df38ea086","Perca flavescens"
"9d1ee13cdbe994cc692fca71025f69f220683807","Bos taurus"
"27fee94e1e3c2ea7843bbc2828ff3f1d6c7c1fdd","Oncorhynchus kisutch"
"88cb854eb498debee9828ac9f53f5ab786d5690f","Oncorhynchus kisutch"
"7cfe7d74faa824d79b8f59ed92a578b1266885de","Perca flavescens"
"fcf8dff8ffa1fd309e4f80f2cf5fdebb5016b4bb","Oncorhynchus kisutch"
"b3a0a8622c6bbc5b16d310c0b3b12a4c7c4e5621","Oncorhynchus kisutch"
"0e1b1a45119b746a97a45234467957111f1adc00","Ascaphus truei"
"977df0827d81ae5e9ca6c40f0ab90d6e91b356f4","Oncorhynchus kisutch"
"e216b03ac5bb8511f01d4eba09edd5ec89573de6","Oncorhynchus mykiss"
"ef4faa5f062a913d15e47396ed52f11e3dd11d76","Oncorhynchus kisutch"
"2f5c06032b4da786abc7ad9df99908cb0cc0cc06","Perca flavescens"
"2f77da48858ad29afaeebc009fe89e606b28ab5f","Perca flavescens"
"98c72ea948b67e90eb4469fa270ff1e3e495dd16","Perca flavescens"
"6cb6a89fd58b221319f164f275f69c18d96fe969","Perca flavescens"
"cbf021d22a913a8941e4293ab89b01904cc6da96","Lepomis gibbosus"
"5f14f4eca12e12d0b47826176537cd5d58fccbb1","Lithobates catesbeianus"
"541ce12dd4285d99ee1e1dc50fe57f0cdb870f4a","Oncorhynchus mykiss"
"005885df47ee3aa732fd490d17d31757544044bb","Ascaphus truei"
"e761348e4399b6020ffbda3e7bf430a0d11e2c1a","Lepomis gibbosus"
"2b714821ab43a970f0d22a8015901bbfcf0ab9d4","Oncorhynchus nerka"
"3b50d0bc58654a1c2a92a16ddb04f304ec935db2","Homo sapiens"
"5b5efde04284f5bdd3aa22ce4fbcff6062dc676f","Perca flavescens"
"a847fe8d1ba4e74ef71f495dd475c18acede62bf","Oncorhynchus kisutch"
"5d871d46dc2e866e35a0c0c268f0dd2de0ad6e8f","Perca flavescens"
"3427395d1aede10d469361a6cd89e8d212b044b5","Lepomis gibbosus"
"78a2a11808be3823d57a1a67a6a9d5ebd5f5071f","Oncorhynchus mykiss"
"3759db7f1923de558fea4d6b44018543ffe536cb","Lepomis gibbosus"
"0dd4b54263d33f7b8418c3951a5a9fbb34bd786f","Oncorhynchus kisutch"
"0698f8f9c3cf2e2dfbbeeb1318ba942da876c136","Perca flavescens"
"c2762ad6828fe7b3f998f179d050e9eb136b27c8","Perca flavescens"
"5b48e64d0028ec26f2849722c95f2fefa10ae89e","Oncorhynchus mykiss"
"10c1f26cbd3e9ef7815d5aad0518d4a86815da94","Perca flavescens"
"ea6de400aac9b916393ede6a401be3d694d5fab4","Oncorhynchus mykiss"
"edb715e619392eca20be921429251e6f292e6fac","Oncorhynchus mykiss"
"c71a73d144d99fddf8c575543bea74877e2a9c95","Perca flavescens"
"df847801bdb5be73827e59d42fb14b590ab2422f","Bos taurus"
"be2460e569980fac796755d0ace661c931d1bb46","Ascaphus truei"
"462d8d269a614788661cf60f02f5ba5444b1498a","Oncorhynchus mykiss"
"902060ae8f9096cc373393a0d33e371dc111535e","Perca flavescens"
"6f71fc5506fe04f9538b5b8a0f2582d6da7539a4","Oncorhynchus kisutch"
"c03ce6f1cedc5ba5006b65fbb30721cf1f0fadd4","Oncorhynchus kisutch"
"9fd2a74ba74848ba454450b8710d79dba1a09e12","Oncorhynchus kisutch"
"549ee7da67ad393f6b92976270442a355bfcc7f0","Lepomis gibbosus"
"cbc3e02603bd3f47b5ce302a03d8adc49eff3f83","Bos taurus"
"df2ce116c7e26f0b58d24741148416076a538415","Oncorhynchus mykiss"
"a81fd1cfc28bd19ce31380dcd9ab0c9c2f8b9fbc","Castor canadensis"
"99488912055f9a72b152b5a73849666822523c2b","Homo sapiens"
"b4b4c131f89855d4c7059ae5ee71b5b6886454f4","Perca flavescens"
"cc1b2dcf06d3016b027139b99d069d58eb4182ca","Oncorhynchus kisutch"
"feb0ffe115c58211c69e4ae14b5d3f6bea7efb40","Homo sapiens"
"613251f90654f5c22777ace6cc8a5c27a9d96aef","Rattus sp. NH 2147"
"a18b9f99c10ef468c8ba44af116accc20f0efdca","Perca flavescens"
"731d3631a953f4a86c110d7b2815075478cbf018","Oncorhynchus mykiss"
"3a86b6f7a32848ba349289dcd1b7a174c344271b","Oncorhynchus mykiss"
"f83498fe913e9e509df2dacdce182802b376eafb","Oncorhynchus mykiss"
"f40d1e44959b5d46dc6092678fe3ab6a5d196937","Gallus gallus"
"0aea96d4b18c878b9397a45bbb12982d28748d2d","Oncorhynchus kisutch"
"84d83452c948eddf63ae50e1646d77c8901080f0","Lepomis gibbosus"
"ae734bdc2abef0bdbfe7cd3c216860f5706742e4","Castor canadensis"
"10973668044208698cd794ac4e3bb0e2fbbcc55d","Perca flavescens"
"091608e9343c9f2c79ff64e3fcfbcdfbce8653bc","Gasterosteus aculeatus"
"6f27f477ea926e67e69f54734bd4e2ab5ecbccdb","Oncorhynchus mykiss"
"9581827eaeb86e501fc4980445e6c73335c42dca","Oncorhynchus kisutch"
"33256d397ac41aa39efeb0bbb4dec166716db9f7","Oncorhynchus kisutch"
"ba0f2a7d812937e91959a23b08fc1b54e6bd5467","Oncorhynchus kisutch"
"5558da84155c8823da3e403866279346738fad22","Oncorhynchus kisutch"
"212aad5e86d7803194ef2d2257f49a0caf28f511","Lepomis gibbosus"
"cf7e69561650cc5109e4e0537ffd2db3b9bf5386","Oncorhynchus kisutch"
"e2e96b05b77ff9102d8518a357b08979b48f3324","Oncorhynchus kisutch"
"4b0299a1d708f8e88b709f65b0a670d0337f38fa","Oncorhynchus kisutch"
"a52794271f0e4daabfdd1fd399b073513fe1c318","Oncorhynchus kisutch"
"24e7e713bae848b2a13eb3d50ed46199252556f5","Oncorhynchus mykiss"
"202453c202a9d7a1f81e8e91521cee045585d339","Lepomis gibbosus"
"298e4a7ba813b8c4aaba63985e35daad007212bb","Oncorhynchus kisutch"
"1bdef3d273b53516a362ab9f88c0a77177ef9aae","Oncorhynchus kisutch"
"4b1e0da0899978a0c629a2eef18ef9065122dbc2","Oncorhynchus mykiss"
"e599207a43e80d4990a7652d896038797c2967e7","Oncorhynchus mykiss"
"e65f511d819ef32a2941c6d56d076a8616b71c25","Homo sapiens"
"77d61a872f04c929268a26bea346bb6c8a139879","Alburnus alburnus"
"f55c1682c7f8d94fc077a4664ea104a38e8661cc","Oncorhynchus kisutch"
"81bf1dae5905f025cc4ee8e793bd4e4e38d060ec","Oncorhynchus kisutch"
"239223568792b608bf5f9df63bdfabcb2abd1c87","Oncorhynchus kisutch"
"4d10c909316de105cf39845f217daf612374d103","Oncorhynchus kisutch"
"252b7cf48fb7281926f6bbde5041824c2903493d","Oncorhynchus kisutch"
"9f9f664df03a16d42825db161bce11b8986dc00d","Oncorhynchus clarkii"
"59e624b8943e888c0b89b348ee7769ea883270ce","Oncorhynchus kisutch"
"44ff2d5687d04d22c1a22a54543344a6e333c2d4","Oncorhynchus kisutch"
"cab069ee6680519d85d117abbb0227eaba50c0cf","Gasterosteus aculeatus"
"8fa7b7906783ef485306a8de4788c8d2ce4058dc","Oncorhynchus kisutch"
"fb189599d5d61c5dba08b9304e1d2d941d2b3689","Oncorhynchus mykiss"
"e7973b2b485602e4e940235898ddc4a6ba1e801b","Oncorhynchus kisutch"
"a5782d7e6a7ab1ea4c149b517867100c94322550","Oncorhynchus kisutch"
"af70f4cc146d05100a9d955f1aa532d20e9d4c40","Oncorhynchus kisutch"
"ffc3ee6af3da71889ba034cf1f1e7431550b7882","Dicamptodon tenebrosus"
"adc27b516200851515e505aeb921c9f4ecc11134","Oncorhynchus kisutch"
"8d768cd4ee0a06785e35630659c12a7f374b30ff","Dicamptodon tenebrosus"
"404dce2e6cf46077486a8f3d1a8b6174fdabe6a1","Oncorhynchus kisutch"
"eb610c092cfeb89f12146ca777f773d2939f2d50","Oncorhynchus mykiss"
"dec881839cbc38c22aa9047e7b8075d37b318fdf","Oncorhynchus mykiss"
"b77414768c25433998316cb19ce1fe5eece7892a","Oncorhynchus kisutch"
"986ed8fb02b20c7994b4a729cc6cd86cf712fcdc","Oncorhynchus mykiss"
"0bb79e1a00bd1ebfaf2acad774da8d23d3ad95d1","Oncorhynchus kisutch"
"ded861116231893e954603362542d98d7d0cdc7f","Homo sapiens"
"cf23ec5d4f4727affcdb9596df80e509f844f69a","Oncorhynchus mykiss"
"c58acd3cab53466c4faf04795c309889a0870f39","Oncorhynchus kisutch"
"7f1d99649c0636e370401ffdfa7af2332a73f670","Homo sapiens"
"73a1841bba27c8d0537763983063208f537d2a56","Oncorhynchus kisutch"
"893eb3d82792932ba15bac360109db799244a9b9","Oncorhynchus kisutch"
"90a559c5b60acd6215c8a00d7b78813e471103e5","Oncorhynchus kisutch"
"d9f5b062fb48191a2ee2a35e6b77fac3d7192a23","Oncorhynchus mykiss"
"152bd41ec84fa2bd9e71038493672611730a6fcc","Homo sapiens"
"6d675ea7b7d844b1fa0258d00fe438926bedae64","Oncorhynchus mykiss"
"a9e9532c1b4138fe542b34ca59e6a8257ee525b9","Oncorhynchus kisutch"
"1e46893aea058006e62cf1fb2238aad6c121aed8","Oncorhynchus kisutch"
"52541ce0d55299c268eefd0b2a87a23978e9ef6d","Oncorhynchus kisutch"
"159b8af7aaff3b65ff0fd9e1736590af2fd3351f","Oncorhynchus mykiss"
"fb25cf341fb7e985c8447aa4ca67cbc258b2f72a","Oncorhynchus mykiss"
"7993a1dc457d58071a716d5c9ddaeb9efd029439","Oncorhynchus kisutch"
"dd81b861484b83fdd57b75ef0715ed4a6d269e17","Oncorhynchus mykiss"
"2488aa5d5192083c385334fe9651dcdd827f0534","Oncorhynchus kisutch"
"61ce8c42a77caef0cddc461554d4022ead1fb4e1","Oncorhynchus kisutch"
"a38f41b35fbbe90c724f107a42fc8cba576438dd","Oncorhynchus kisutch"
"8e02b6ed8987414b817dddcc2038530916765e0f","Lepomis gibbosus"
"e95da83c95beef4a9e9c944284d03aa786707082","Oncorhynchus mykiss"
"f87dd697b592030d25674e120b1b213ef6bac920","Oncorhynchus mykiss"
"eb2f46188c3994fb9c4bed3094e5718ac8bba8fa","Oncorhynchus kisutch"
"096db6ba3f1f54a938e0f48ba2373d6fe45afa40","Oncorhynchus kisutch"
"ab9bd9298f11328edc235b34392a4270c286775b","Oncorhynchus kisutch"
"def54fedbcdf6570a6b010f57940c2daf2201ecd","Oncorhynchus mykiss"
"a40e32e0792456fd5db853fe2aef2237c9bd8c0b","Oncorhynchus kisutch"
"9fa976ec62283d13a348eea49f3676525827c4d0","Oncorhynchus kisutch"
"f324283f97e66c7dd49c064b6f8ebe02a7bc2570","Oncorhynchus kisutch"
"78d6449146881346d604f8417f60cc319d703a3d","Oncorhynchus kisutch"
"e7228336ea441c2b9965d323ece769b2f63966d3","Ascaphus truei"
"3091e4513be54c3a3d1360bcea921a1e0a66b10b","Oncorhynchus mykiss"
"a9c9ab911c3d4de63581d4d6b791d3efc0f3e672","Oncorhynchus mykiss"
"4a1563423ed973ed6774f1935e1499ab707025d8","Bos taurus"
"c02646cba9838a6b4bbf8c2a7648aa6f90808999","Oncorhynchus kisutch"
"370d5c4270dee3e0f31b0b3c9942e933335ac4f7","Oncorhynchus kisutch"
"6a2eb6294770709845e8d5d587e610f9c671aa9e","Oncorhynchus kisutch"
"f7ca6a6a4f332fb6c24af4922bfde3075ea10317","Perca flavescens"
"a72789f96e979927ec2b2ea843a92a12517e5ac2","Oncorhynchus mykiss"
"63cd478c7f757a7e09eb1900b01c637c46963afe","Oncorhynchus kisutch"
"80eadc34961f60e9fe743c60e9ef88913552d008","Oncorhynchus kisutch"
"b0fef27fabc37d76a7bc02840a3b865fc00898e9","Oncorhynchus mykiss"
"9f88e15d9e2237a6099acaa33bd7db7b90fd30eb","Oncorhynchus mykiss"
"a780638128f2429e324e718790719ad50a666a1e","Oncorhynchus mykiss"
"a5f7a18462eff1389dce7148106b3e67f9859411","Oncorhynchus kisutch"
"8783dd96d7895b14965660c9bd7fe77e404a14bf","Oncorhynchus mykiss"
"6c5450c1128578833969060e5dffd7106c7348ac","Oncorhynchus mykiss"
"111cdf47bc641887eaec3cdc92d0ab26cbb2b34e","Oncorhynchus kisutch"
"e1405b344a0e245929af767ec150c098b1386e48","Oncorhynchus mykiss"
"993bbbde1d9404dad2001cdc85f688fa6e4353e1","Lepomis gibbosus"
"0dba2d99c06445fac14af0f3e9f19600dabaeac6","Oncorhynchus mykiss"
"90d278888abd22bbf3e5b858955d45e0cfd46c18","Oncorhynchus kisutch"
"8abd1e93a02c7f18924599a3eb9f4d0486a85cb1","Oncorhynchus kisutch"
"bdeec8a0e59baa8e080948e3cd6b2b571a974f0a","Oncorhynchus mykiss"
"ca2c0d41ab3c3275d540344cf29dbfbe0b9f2811","Oncorhynchus kisutch"
"8296717ee909aa66a1dbe2bd4e963a6484f6db69","Oncorhynchus mykiss"
"bc33a5a3872e9d33322b8cf032abe7300fe6bb18","Bos taurus"
"dfe0ac8fd3470eab26d86b07b024cb7227f9a3a0","Perca flavescens"
"7bb75bb72e383e91c1a072dcc42b659377fcf9a1","Oncorhynchus mykiss"
"b55847e6698add0f1eb8f3dc1c940a0c8aa0fb22","Homo sapiens"
"b90ce8f2ca6fc47b1eb84fb364c78cfae1fbd036","Canis lupus"
"ef8018f6f40862eb5923aa8d75e10877dcf09093","Oncorhynchus kisutch"
"a91abbf2b1aca1b4850d96f044fe59d86e494abd","Oncorhynchus kisutch"
"5ade01601e459d4af2b3d664960a799220f9040f","Ascaphus truei"
"cb3f5e582c9befeae9c448fd05e5cf597b65f7e7","Oncorhynchus kisutch"
"42194f05abf81a6ac869d200312fdcd54a055a8c","Oncorhynchus kisutch"
"eb17296874e14a81befde2c974ead0ad29dca30c","Gasterosteus aculeatus"
"85e6c95b35b671448fcd18be8d621421f2a448ca","Perca flavescens"
"ddf5d8f01c176ab003be35dd8935dab512bf36c1","Homo sapiens"
"cfdd28e69bb8a0637b47d9ec7a4d2aba2dacd941","Oncorhynchus mykiss"
"42cb5745c35870f8f36e078c1e460ba550efb426","Gasterosteus aculeatus"
"d4cbb5cfa89ad2c9cd57b90ea3c001cbdeb4ae4c","Oncorhynchus kisutch"
"3d3f0eb0199564dc408ef7ae504882c6b8dc3edb","Oncorhynchus kisutch"
"19b298a914208898f7203f3340b39557189cd6c7","Oncorhynchus kisutch"
"f2ac7dc2dae2d9d582eef7fdc962a1150e4df478","Oncorhynchus mykiss"
"93e5534152f8b9aab6a7fa5ce8c3903a4d8ecb5f","Gasterosteus aculeatus"
"4d921719276afc5eeced5a5e42544e7e24bc12b0","Gasterosteus aculeatus"
"37c2390b3ed79e0f3e825a98dc39359df5fb5405","Equus caballus"
"e609523382bcae28d78a63f02b796b94d8ed439d","Oncorhynchus mykiss"
"7a5adfdc719c35a90248b96e2855c6215df20b3c","Procyon lotor"
"eb84a3eaf6185a448779c061b65a83f1abec4dbd","Oncorhynchus kisutch"
"80048ee5e953195a83561f8960efbd5915d72cfa","Oncorhynchus mykiss"
"78755dc5cdef539648e592f2a3327ded6ff32433","Procyon lotor"
"45863f7912141ae65886fc86ccdc4521c667a951","Procyon lotor"
"44ac9c80e4376f44a0eefe31b55077034ac275ca","Lithobates catesbeianus"
"66f9e2774803f432b651b59b63dfc9d0341c1e22","Procyon lotor"
"63f0cb85b0bd506c52169352431ae6c720987782","Procyon lotor"
"75ab45c594dc8d126652883d8b713f4de9782369","Felis catus"
"e06c637b677865196d5885789a8dba45ec42a357","Procyon lotor"
"f95b19fb9e4ab82e593a941cb71490cd5a2345cd","Procyon lotor"
"5cd775c543002134e7aeec63422c28b07b90ae81","Procyon lotor"
"37aeb1ec7b662f87169f7adfe643ed3ba8f86f5a","Neogale vison"
"80acb9c159993035ed9c0de1d2338f44a752b954","Bos taurus"
"e15e4b5e5212ad92bd28e45015bbbcdc45d1db22","Castor canadensis"
"f995b308ddb6b04f0448572d31ebe795492a4ba6","Bos taurus"
"bcebd0eba83f1273617dcf6386f08e417ec4ac0b","Oncorhynchus kisutch"
"9bb542b861b5c03cfa5b706d17b2e7b0697c5e2e","Oncorhynchus mykiss"
"f039b6e430e8ef01364a78943d3ad4c5ebb4b510","Oncorhynchus kisutch"
"a5a0f8a85c81cbec6d2f2f251a9d06f6d91ff4f6","Perca flavescens"
"7bcfe348152b9f88f783b2781510faab1398757d","Oncorhynchus kisutch"
"e7619f43e7331a1e9d7f057cd142dbc9407816ec","Oncorhynchus kisutch"
"f1d9bd43d1108da6b12ed93c67983d18ed9db3fa","Gasterosteus aculeatus"
"c115fb35f44efd4b6e036466f503ff55b1a3416a","Oncorhynchus mykiss"
"9d6b2918427595e9b81bf8c76a0d93e202461cc8","Oncorhynchus mykiss"
"a030c863a77b1256e92660407699546af98e83e3","Oncorhynchus clarkii"
"612b5c4dd09654241a7d4507f9440c98bf19cee7","Oncorhynchus mykiss"
"471e79a5296218d92da79623f4a5b9f0494cb457","Myotis lucifugus alascensis"
"9cd29cad00fb199120f2c8821f31312fbfa2648a","Oncorhynchus mykiss"
"e505e26cadcb92eb252f9828ffaecf23391ef639","Ascaphus truei"
"8b98f743dc2da6d681f9676ca369106556347c00","Oncorhynchus kisutch"
"c1f8814e52172b4b6d32dd98ffd839af96e76fb7","Oncorhynchus clarkii"
"2b4e0a1e90dd544f3f36a9f8d3cb5f9231a1b59e","Oncorhynchus kisutch"
"0157caebf0397f2e2ec6a0d768f081a53885d54f","Oncorhynchus mykiss"
"fa0f09b68858ed85bfbb2f024593cf28db09f76a","Ascaphus truei"
"427e24cde1df6713117cf5df7f4bc0f09ff5e8b4","Perca flavescens"
"44fe10bbc05be69ec64c67d5d7904e19898aa487","Ascaphus truei"
"b221afd833a7452f3d4b3b7a69b2fb02d1a75573","Oncorhynchus mykiss"
"841e2266cf7339f0f87dc2dde8469459ce6a7fd9","Oncorhynchus mykiss"
"1601f9b4bc930fbd34941d0d6bcf2a5b1577e217","Perca flavescens"
"63030d948a0d4d9fbdbd1f769b31df0eacbaddb8","Oncorhynchus kisutch"
"6d22ac6ea2762f579aadabd40c65ba058d619056","Ascaphus truei"
"8ca724635221340c6b4ee2d1081994aa500c9c1d","Oncorhynchus mykiss"
"45f95796be7b451d486a630dcf0f5055b4faa59d","Oncorhynchus mykiss"
"824f37c47b0a84bbd4fd5301c486eb67f574dd82","Oncorhynchus mykiss"
"ea85513d43bb12b9005ea00fd58e70d93c928d68","Perca flavescens"
"44ac2ce445bc278084d598fb82d267fb5c2a63e3","Homo sapiens"
"dd28e16bf1e48a6808059b3cc5e6c3e8fd917dc0","Homo sapiens"
"6c9de38a8e4c0b3c2e00b1453f7804577f24db57","Oncorhynchus mykiss"
"8e8a9359f1bdc6f859392c8def4c0782b652d9fe","Oncorhynchus kisutch"
"39a19b95f7403d0b692016209b2c9afd4f379ac1","Oncorhynchus kisutch"
"74848448486e94d5f09a00326a337fd74a136f15","Oncorhynchus kisutch"
"d67c53413f8395dbf59a47b2cd8d8675e9554fab","Ascaphus truei"
"cebff36570a9a73624110a378b859597470ef739","Oncorhynchus mykiss"
"05cf7e115715d6b4bfa6b8f190c741a9aad0b1fd","Homo sapiens"
"8dc4fe47e4027b21f075dd981d5a4bc61dafadcb","Oncorhynchus kisutch"
"d2b6d6a7ad62c1827c70dfab3c1fd345dadbc9d4","Perca flavescens"
"a0c2e7cbad7bbe0b97f572d9a9aa8eb2b59c0f6b","Oncorhynchus kisutch"
"2940667037e96bb494f98b5b0e70ed4e8aafcee1","Perca flavescens"
"a483b776e5165a5eaf6672e78ea680aeac6757d3","Oncorhynchus kisutch"
"e2877b8381733054b6f7c0bb6c396dca9e4f8741","Oncorhynchus mykiss"
"a7ff5c1558e9bef5fc6d99e97c28e519c3a043cd","Oncorhynchus mykiss"
"dea6affcc0e9e148fce03db6b063609eb8502e11","Ascaphus truei"
"c6cb649a3099b3f66e1d20dc768f63c3c58f8ef4","Turdus migratorius"
"d4fd9f42d34c453c51322f2abd76a00d64997106","Perca flavescens"
"6306692ae080d5ec1ad66259f99785016e335515","Oncorhynchus mykiss"
"b1932426254e4c84bc738472603af58f245c25d9","Bucephala albeola"
"85a5f94d99053a097d2442541fd2c27475b53a58","Myotis keenii"
"ac83c00af6bef74d90c46be82aae6fbaa8e7eef5","Canis lupus"
"4a74ec3b8392ddc8db433f692560f727291c0e87","Oncorhynchus kisutch"
"390223d2e5b2137e62dd9dcdeeaf5e525c49097f","Oncorhynchus kisutch"
"6f3245d9b26664d8b94c8627aefd7abb373e9ffb","Oncorhynchus kisutch"
"1e743d370603637d7681fa799cf9135207e52cb5","Bos taurus"
"1e191317dc8f6190a2d69f86d88b14611b835293","Oncorhynchus kisutch"
"0f6fdd5dc09ff2c8012f033c6f459dd448d1b74d","Oncorhynchus kisutch"
"a1e6e847ed969db7e0438f7cb750416ab318ae58","Oncorhynchus kisutch"
"db9c090e2e1fb9bdeecd9b281bcd355c11feba06","Oncorhynchus kisutch"
"a15e22ed7ad2861fdd98c7bfa4dc423015556332","Oncorhynchus mykiss"
"a26f702425e0bd4590c76a36d7fb492a1a7df98f","Oncorhynchus kisutch"
"913fc1253fb680bab697f43f73f6feba4b3d3bc6","Oncorhynchus kisutch"
"7ccb507445fc80775a1e932d25b31307949eab23","Oncorhynchus kisutch"
"b883a787db9b3d47071001d7723ce76f2c3fc645","Oncorhynchus kisutch"
"e2c1433922f9ccfcdbaf384dade815b11c828c57","Oncorhynchus kisutch"
"91065712e3a0bb3fa86b9973505fefb126c65e89","Oncorhynchus kisutch"
"bc4625a95f7f6ac12e1f6ca677d2be5f7092b3e9","Oncorhynchus mykiss"
"bf3f0a06ed952a45b51678c68ba998fa4c50aaa8","Oncorhynchus kisutch"
"58dfe6cfe0d9f0558857a59dc84f7bd0d0e8366d","Oncorhynchus kisutch"
"0519012de10685bbddbe901a2916558dc1061470","Oncorhynchus mykiss"
"795f5275759ee728461d4b3f6f786ce2bc488fdc","Oncorhynchus kisutch"
"694f3d906d07503556174be6ead3eb573ee249f6","Oncorhynchus kisutch"
"378a7915511fb868b61f73e71c94926c73113a8c","Oncorhynchus kisutch"
"a3e42689c9186805e19bb44e2aaf359a21e08eac","Oncorhynchus kisutch"
"938664359380dbee3750b52401ef676080339b09","Oncorhynchus kisutch"
"dced802f3091b87cd636ae4a335650423dd3a703","Oncorhynchus kisutch"
"bd098002236255f027e7f5294fa42664c7dedaba","Homo sapiens"
"163bdc8b95c04c9cc0b5b6acaf46b5ad0ec883b1","Oncorhynchus mykiss"
"df085b77e30362139da671ff30e6ea4f3697e682","Oncorhynchus kisutch"
"f5f3173c8551c0433c110b48e9dad06a9860cbc0","Homo sapiens"
"265776f15171642f35895b4fc099d81fc7a1b277","Bos taurus"
"681a28fcd72ed8a994ff652cb4d90dbaad46639d","Osphranter rufus"
"6634733d917ef2fc77dd7e1780deb0c7f70bbb54","Homo sapiens"
"ab1d998a01681490617be32a25b126d74910434b","Ascaphus truei"
"77823e9d2767ad01e21f09cc237c7cb901e53bf2","Oncorhynchus kisutch"
"da44a76cbc2106d648f20849bedda28856d98ef1","Oncorhynchus kisutch"
"b3e3de75694e0f3e51ac1ac6e57befd69cc9cf4c","Oncorhynchus kisutch"
"0e2ca0c11c94ce25c87c959ffd1f799934cd5e53","Ascaphus truei"
"eb2848f91a7f341be59b1845987e44a71c87e550","Oncorhynchus kisutch"
"a3f1dfd53f01ad98056288e3619d8e0384ce386d","Bos taurus"
"26e311150ddf8aa8652ed87c029df566c8f67576","Oncorhynchus kisutch"
"1fe620599d26df483b19b070644e49bed86cdbc6","Oncorhynchus kisutch"
"174ba09ffa85bf4e273a5aefc3eeaf91df17c13e","Oncorhynchus kisutch"
"52d023d322256d1a6c5216dcc430ad3c6c5a93ca","Oncorhynchus kisutch"
"7146b44fcea9974e1fbc8f529faed7e6fd5e0312","Homo sapiens"
"e3821a759313fa13ab8137ac099470fd1bc2cdb7","Oncorhynchus kisutch"
"60add8b4ce9b82812fcb0e4d8619ee06fa39a3f3","Oncorhynchus kisutch"
"33fe7d3856a894dafe1965140a60d335d02a055c","Oncorhynchus kisutch"
"6fbeed1d59ece1f7cfcba61b4928e881062b5d89","Ascaphus truei"
"eaf85a2146df83fd7b1ef5a614113a56e9b2dfa5","Oncorhynchus mykiss"
"7c8517b83b007b6a741bf0bf48449c01bbfa3874","Ascaphus truei"
"e314bd5a1b11bd2e1671df69002ace3fe73f9b1f","Oncorhynchus kisutch"
"be2c7cb91fe179890e1c58391ede716cf5f40c51","Oncorhynchus kisutch"
"c48e0ba7245fe6c5b91498bc61a2e362fda95a17","Ascaphus truei"
"7c5a51b76da460ba215db4480dfd35a99eef8c8a","Oncorhynchus kisutch"
"6bb6895ac66fa1d58f83a632f03a3afe756c0ea0","Oncorhynchus kisutch"
"4a6ab969c603094576b1a6052c869da5f3736635","Oncorhynchus mykiss"
"0aaa8f7927648e5a735e4ce725894db94176de63","Oncorhynchus kisutch"
"e2bf335e84bc6c3944bf72b6aa7e08f58b426010","Homo sapiens"
"9a17a3bdf9e574860be9676cb367a65cdb0c49d1","Oncorhynchus kisutch"
"84c994cc40078b59cfc1a4e7d5cbf6122b81f946","Oncorhynchus kisutch"
"78c762f9db65e338362e3ca9eaa2cf5fcdf91ec4","Ascaphus truei"
"f504f6b1972125030a600727a35ef99411c310af","Oncorhynchus kisutch"
"0ac5c56baaa0d6ec4d343ca61b544ac14030ed27","Homo sapiens"
"8d357da1342e2a6a4564e52b998470a37a0cdc30","Ascaphus truei"
"d4bfc7f57f66e3b930d555a19886f2e9780673d9","Oncorhynchus kisutch"
"c36936fb9a0f5d6e3e02058a08c2d8fee46c3f0e","Bos taurus"
"fc003bd3f40c0fd3b46cd93dd4cd1ba225ad20a7","Oncorhynchus kisutch"
"89fb501f7828f19e8a3243c9a7d7de9f5f8532e2","Sus scrofa"
"6f4d335302ab7a19c7535191861d777076045c1b","Oncorhynchus mykiss"
"c440a348596729241b8f7c93ca56629fa3d28876","Oncorhynchus kisutch"
"971f932bd3add10c9f290cdba6519254df89d231","Bos taurus"
"8dc072a6fa9e5101e189eb56e58b86a2625fa882","Bos taurus"
"7df65abf4975b0a6f44bbbcec428674418621dc6","Bos taurus"
"dac66c6958eb6715abd0243ec2f5592da97cb1f5","Oncorhynchus clarkii"
"5deab9cfa5da2e68a6d48e49f4d1d2348bb6e96b","Oncorhynchus kisutch"
"ac5e5ce35c58fc0a4284753162930c07692edcce","Bos taurus"
"270ee1f6ef9c9497cb5d09d36343dc5b284231d4","Oncorhynchus kisutch"
"a781e256c844c038fa1dd3e740ef7cf1f78a46a4","Oncorhynchus kisutch"
"7d0ed837ffa9e07dbc1fc2e6b6924540231d6c3b","Oncorhynchus mykiss"
"8332bfc57e846d2813a6ed31ba20bacd4ae74084","Oncorhynchus kisutch"
"e5144f0234d4231ba8587696aa19eb5498dc8d24","Lepomis gibbosus"
"f7f3f6955c43dc61f152f505e22d4e8aee719b68","Ascaphus truei"
"7ab5e92a5cd0e99b7e8d4c0c7a10b534618de006","Bos taurus"
"ee4b7b5b3be5bfac102a4b9fee1895bc48b2df4e","Oncorhynchus kisutch"
"87a1e4aeb92ea27bac3b49b3a728f84ebab75173","Cinclus mexicanus"
"8c6e6f2ac830ab3347ac79fb32209b49ad7a686f","Oncorhynchus mykiss"
"b659a876eb19b63eee36c9ad6210f81739829cdb","Lepomis gibbosus"
"cfa2d1e12913a6b6fa6ebb6987902e370f797bd9","Oncorhynchus kisutch"
"a34fa51351f210d596a61e0a9aaef6c778d1411c","Lepomis gibbosus"
"08f24b16845e4a7d24a03611303b54b9df7414b6","Oncorhynchus kisutch"
"6a201abd1d3ac2a687b67be26aa88d80872ed628","Homo sapiens"
"194549f4c9d2668a4170f951d610303b46315577","Oncorhynchus kisutch"
"c960c217aeaf7dc4503f5a2059ffde51c7fa9bc6","Oncorhynchus kisutch"
"d7e92461c0e5d853f16e3fc2cf6a9076ca05f93f","Oncorhynchus kisutch"
"d4a272f2500f01ff5e9ab3ddd6c2b871ef4a57d5","Oncorhynchus kisutch"
"df8ec0a528dceea8f322cc5a6936aa38e8983929","Castor canadensis"
"26775b4517a9038fbc30b37b017bc64a18931024","Oncorhynchus kisutch"
"b06ef145df454d7a63854ea97f718bc7dd5bebb0","Oncorhynchus kisutch"
"e8c1d46847d913acaf1a4c5da2dbbddfb21521f4","Oncorhynchus mykiss"
"c3f684cd787e6a47fe4db67bf4b07c0d55e77dc5","Lithobates catesbeianus"
"e7267418c5e1e2776d41ce640fe1a2cfdbe1e799","Oncorhynchus kisutch"
"233b7b8795ecce5a312c203de2aafdc358c2cd40","Oncorhynchus nerka"
"e0cb75868466a513a4138b85377f3f15a6dd29c2","Bos taurus"
"bba3561ce95c34138a32b2ec528a30ce73b49d35","Homo sapiens"
"a228277c27733d06a27737d7c80a58d06a6aed46","Myotis lucifugus alascensis"
"86f70a2940adbfcf3b5a0c13098b31fd895d7a6d","Bos taurus"
"4101e3590d918c38454def84ca431eaa71b9297b","Oncorhynchus mykiss"
"298860478a99bcf6f07e428e1b9bf4b053192a87","Oncorhynchus kisutch"
"e94f3cb270683434fdc68634f634feb0c7d27fb5","Turdus migratorius"
"5d9ce6894f3ffd46181a756dff98645c27ea1232","Bos taurus"
"66a736e3c0215749ceb8c56d99068fd2111e8214","Oncorhynchus mykiss"
"27e44c04624a30dba9a914953a9f938e1e609bfd","Oncorhynchus mykiss"
"f06a39feb13b68dd52ff8b7f5730621cbea4d5c8","Oncorhynchus nerka"
"bc280aba6a6ce96a64f325a05904a26fbda031d6","Oncorhynchus kisutch"
"0439eb0069c5a42d2440331832f1f4dd375af7fa","Oncorhynchus mykiss"
"d202aea91bf4f4432703ff100b7abfba257f6095","Oncorhynchus mykiss"
"e952aef5b879d966a790fd1875875812fe1e6ff8","Oncorhynchus mykiss"
"db0766ae9773179d30398ba0f5cc2f08603db0e4","Oncorhynchus kisutch"
"9391fd4310c70aecadae1450de478ac306fc7e0f","Homo sapiens"
"ce8fe6373fb8cdfd0d4eb8167474091e1eade672","Oncorhynchus mykiss"
"c0aa15973227cda78db12811b4bb454b90ce6c54","Oncorhynchus kisutch"
"a14addd125859fa195b567ab713026ed6f81aabd","Oncorhynchus kisutch"
"a2f87bea0f3ab502808a2afca7fe4de2764fa44a","Oncorhynchus kisutch"
"5ffdeea61c7cc2de87dfc854abf57263477ba632","Lepomis gibbosus"
"cfcd70ff41638c54184a0b63cdb707612af51bda","Oncorhynchus mykiss"
"240ce6a3046af4224f7b0a6810e8f42c22ea1d64","Oncorhynchus mykiss"
"2075e334c23ffda50dfb33390ad8a4cb2aec7061","Bos taurus"
"4c0d93fb97bd4112e68ef8e12763a4cb6055e687","Oncorhynchus kisutch"
"f5bbd39c601fa664176afb81d4006a15c0cd74d9","Oncorhynchus kisutch"
"ad85a0955e31a1b8c5aed4cc897ef9b69f6fd575","Oncorhynchus mykiss"
"6740156d915ded02e86d6c2c1714dae5d3527fd3","Oncorhynchus kisutch"
"b08a603bc68c262704742b416104fe5acc01fe61","Bos taurus"
"23a2bf01087f94abede35310d48c8fd362c73800","Oncorhynchus kisutch"
"580a64b0134da56e49bf06482ed6ee164d8a6ec5","Dicamptodon tenebrosus"
"7ed525639c40b9418b4743e59f833fa5b3bdf355","Pimephales promelas"
"631402d8ed10c8b197e1d67c208b29b9ba254a64","Salvelinus malma"
"49b916c007d3dbb75da7ceb655dd8cefb4e15ac4","Cottus asper"
"70e8e188ebdd7ea3d78d9c745f097cb48e934f95","Entosphenus tridentatus"
"2888591f23daf76ef3ae53a7d4bd6ffe13361bb8","Ondatra zibethicus"
"2c79a691f61d8877b4c2f3953447d6e033680d33","Salvelinus confluentus"
"8b14c93f1397b9332dad055f0a0fc595f3646681","Cottus marginatus"
"0a3f5fde1bbb570e4705a194d016c59a57f82481","Cottus marginatus"
"a2f2121e42c56aa5bd2b1fca2bd1b29869d2400a","Lampetra ayresii"
"38e693e5c3a9002b3c7fe03ba0f5d3e6440d86ea","Novumbra hubbsi"
"bc392f2ab2d28f1c9aa2a98ebf78c0d707871993","Anaxyrus boreas"
"1c6d757a385993942374fd4c94f562e4dda52ae5","Cottus marginatus"
"2eb18eaf3053e4bb306b47b42bd9c34863aef20b","Rana catesbeiana"
"6f93809b6bc63b61b0d350733addd08a6ab86f2e","Ardea herodias"
"cce45cc7e4ea0594ae1859ee98f0420718bcd348","Bos taurus"
